Dearest,dearest,ADJ,JJ,amod,Xxxxx,True,False
creature,creature,NOUN,NN,ROOT,xxxx,True,False
in,in,ADP,IN,prep,xx,True,False
Creation,creation,PROPN,NNP,pobj,Xxxxx,True,False
,,,,PUNCT,,,punct,,,False,False

,
,SPACE,,,
,False,False
Studying,study,VERB,VBG,acl,Xxxxx,True,False
English,english,ADJ,JJ,amod,Xxxxx,True,False
pronunciation,pronunciation,NOUN,NN,dobj,xxxx,True,False
,,,,PUNCT,,,punct,,,False,False

,
,SPACE,,,
,False,False
⁠I,⁠i,PROPN,NNP,nsubj,⁠X,False,False
will,will,VERB,MD,aux,xxxx,True,False
teach,teach,VERB,VB,conj,xxxx,True,False
you,-PRON-,PRON,PRP,dobj,xxx,True,False
in,in,ADP,IN,prep,xx,True,False
my,-PRON-,ADJ,PRP$,poss,xx,True,False
verse,verse,NOUN,NN,pobj,xxxx,True,False

,
,SPACE,,,
,False,False
⁠Sounds,⁠sounds,NOUN,NN,pobj,⁠Xxxxx,False,False
like,like,ADP,IN,prep,xxxx,True,False
corpse,corpse,NOUN,NN,pobj,xxxx,True,False
,,,,PUNCT,,,punct,,,False,False
corps,corp,NOUN,NNS,conj,xxxx,True,False
,,,,PUNCT,,,punct,,,False,False
horse,horse,NOUN,NN,conj,xxxx,True,False
and,and,CCONJ,CC,cc,xxx,True,False
worse,bad,ADJ,JJR,conj,xxxx,True,False
.,.,PUNCT,.,punct,.,False,False

,
,SPACE,,,
,False,False
It,-PRON-,PRON,PRP,nsubj,Xx,True,False
will,will,VERB,MD,aux,xxxx,True,False
keep,keep,VERB,VB,ROOT,xxxx,True,False
you,-PRON-,PRON,PRP,dobj,xxx,True,False
,,,,PUNCT,,,punct,,,False,False
Susy,susy,PROPN,NNP,npadvmod,Xxxx,True,False
,,,,PUNCT,,,punct,,,False,False
busy,busy,ADJ,JJ,amod,xxxx,True,False
,,,,PUNCT,,,punct,,,False,False

,
,SPACE,,,
,False,False
Make,make,VERB,VB,ccomp,Xxxx,True,False
your,-PRON-,ADJ,PRP$,poss,xxxx,True,False
head,head,NOUN,NN,dobj,xxxx,True,False
with,with,ADP,IN,prep,xxxx,True,False
heat,heat,NOUN,NN,pobj,xxxx,True,False
grow,grow,VERB,VB,ccomp,xxxx,True,False
dizzy,dizzy,ADJ,JJ,advmod,xxxx,True,False
;,;,PUNCT,:,punct,;,False,False

,
,SPACE,,,
,False,False
⁠Tear,⁠tear,NOUN,NN,prep,⁠Xxxx,False,False
in,in,ADP,IN,prep,xx,True,False
eye,eye,NOUN,NN,pobj,xxx,True,False
your,-PRON-,ADJ,PRP$,poss,xxxx,True,False
dress,dress,NOUN,NN,pobj,xxxx,True,False
you,-PRON-,PRON,PRP,nsubj,xxx,True,False
'll,will,VERB,MD,aux,'xx,False,False
tear,tear,VERB,VB,conj,xxxx,True,False
.,.,PUNCT,.,punct,.,False,False

,
,SPACE,,,
,False,False
⁠So,⁠so,NOUN,NN,nsubj,⁠Xx,False,False
shall,shall,VERB,MD,ROOT,xxxx,True,False
I,-PRON-,PRON,PRP,nsubj,X,True,False
!,!,PUNCT,.,punct,!,False,False
Oh,oh,INTJ,UH,intj,Xx,True,False
,,,,PUNCT,,,punct,,,False,False
hear,hear,VERB,VB,ROOT,xxxx,True,False
my,-PRON-,ADJ,PRP$,poss,xx,True,False
prayer,prayer,NOUN,NN,dobj,xxxx,True,False
,,,,PUNCT,,,punct,,,False,False

,
,SPACE,,,
,False,False
Pray,pray,INTJ,UH,advcl,Xxxx,True,False
,,,,PUNCT,,,punct,,,False,False
console,console,VERB,VB,dep,xxxx,True,False
your,-PRON-,ADJ,PRP$,poss,xxxx,True,False
loving,love,VERB,VBG,amod,xxxx,True,False
poet,poet,NOUN,NN,dobj,xxxx,True,False
,,,,PUNCT,,,punct,,,False,False

,
,SPACE,,,
,False,False
Make,make,VERB,VB,conj,Xxxx,True,False
my,-PRON-,ADJ,PRP$,poss,xx,True,False
coat,coat,NOUN,NN,nsubj,xxxx,True,False
look,look,VERB,VB,ccomp,xxxx,True,False
new,new,ADJ,JJ,acomp,xxx,True,False
,,,,PUNCT,,,punct,,,False,False
dear,dear,ADJ,JJ,intj,xxxx,True,False
,,,,PUNCT,,,punct,,,False,False
sew,sew,VERB,VB,ccomp,xxx,True,False
it,-PRON-,PRON,PRP,nsubj,xx,True,False
?,?,PUNCT,.,punct,?,False,False

,
,SPACE,,,
,False,False
⁠Just,⁠just,PROPN,NNP,advmod,⁠Xxxx,False,False
compare,compare,VERB,VB,ROOT,xxxx,True,False
heart,heart,NOUN,NN,dobj,xxxx,True,False
,,,,PUNCT,,,punct,,,False,False
beard,beard,NOUN,NN,conj,xxxx,True,False
and,and,CCONJ,CC,cc,xxx,True,False
heard,hear,VERB,VBD,conj,xxxx,True,False
,,,,PUNCT,,,punct,,,False,False

,
,SPACE,,,
,False,False
⁠Dies,⁠dies,PROPN,NNP,conj,⁠Xxxx,False,False
and,and,CCONJ,CC,cc,xxx,True,False
diet,diet,NOUN,NN,conj,xxxx,True,False
,,,,PUNCT,,,punct,,,False,False
lord,lord,NOUN,NN,conj,xxxx,True,False
and,and,CCONJ,CC,cc,xxx,True,False
word,word,NOUN,NN,conj,xxxx,True,False
,,,,PUNCT,,,punct,,,False,False

,
,SPACE,,,
,False,False
Sword,sword,PROPN,NNP,conj,Xxxxx,True,False
and,and,CCONJ,CC,cc,xxx,True,False
sward,sward,NOUN,NN,conj,xxxx,True,False
,,,,PUNCT,,,punct,,,False,False
retain,retain,VERB,VB,conj,xxxx,True,False
and,and,CCONJ,CC,cc,xxx,True,False
Britain,britain,PROPN,NNP,conj,Xxxxx,True,False
,,,,PUNCT,,,punct,,,False,False

,
,SPACE,,,
,False,False
(,(,PUNCT,-LRB-,punct,(,False,False
Mind,mind,VERB,VB,conj,Xxxx,True,False
the,the,DET,DT,det,xxx,True,False
latter,latter,ADJ,JJ,dobj,xxxx,True,False
,,,,PUNCT,,,punct,,,False,False
how,how,ADV,WRB,advmod,xxx,True,False
it,-PRON-,PRON,PRP,nsubjpass,xx,True,False
's,be,VERB,VBZ,auxpass,'x,False,False
written,write,VERB,VBN,conj,xxxx,True,False
!,!,PUNCT,.,punct,!,False,False
),),PUNCT,-RRB-,punct,),False,False

,
,SPACE,,,
,False,False
⁠Made,⁠made,PROPN,NNP,nsubj,⁠Xxxx,False,False
has,have,VERB,VBZ,ROOT,xxx,True,False
not,not,ADV,RB,neg,xxx,True,False
the,the,DET,DT,det,xxx,True,False
sound,sound,NOUN,NN,dobj,xxxx,True,False
of,of,ADP,IN,prep,xx,True,False
bade,bade,NOUN,NN,pobj,xxxx,True,False
,,,,PUNCT,,,punct,,,False,False

,
,SPACE,,,
,False,False
⁠Say,⁠say,PROPN,NNP,nmod,⁠Xxx,False,False
—,—,PUNCT,,,nsubj,—,False,False
said,say,VERB,VBD,ROOT,xxxx,True,False
,,,,PUNCT,,,punct,,,False,False
pay,pay,NOUN,NN,compound,xxx,True,False
—,—,NUM,CD,punct,—,False,False
paid,pay,VERB,VBN,xcomp,xxxx,True,False
,,,,PUNCT,,,punct,,,False,False
laid,lay,VERB,VBN,conj,xxxx,True,False
,,,,PUNCT,,,punct,,,False,False
but,but,CCONJ,CC,cc,xxx,True,False
plaid,plaid,NOUN,NN,conj,xxxx,True,False
.,.,PUNCT,.,punct,.,False,False

,
,SPACE,,,
,False,False
Now,now,ADV,RB,advmod,Xxx,True,False
I,-PRON-,PRON,PRP,nsubj,X,True,False
surely,surely,ADV,RB,advmod,xxxx,True,False
will,will,VERB,MD,aux,xxxx,True,False
not,not,ADV,RB,neg,xxx,True,False
plague,plague,VERB,VB,ROOT,xxxx,True,False
you,-PRON-,PRON,PRP,dobj,xxx,True,False

,
,SPACE,,,
,False,False
With,with,ADP,IN,prep,Xxxx,True,False
such,such,ADJ,JJ,amod,xxxx,True,False
words,word,NOUN,NNS,pobj,xxxx,True,False
as,as,ADP,IN,prep,xx,True,False
vague,vague,ADJ,JJ,amod,xxxx,True,False
and,and,CCONJ,CC,cc,xxx,True,False
ague,ague,NOUN,NN,conj,xxxx,True,False
,,,,PUNCT,,,punct,,,False,False

,
,SPACE,,,
,False,False
⁠But,⁠but,CCONJ,CC,aux,⁠Xxx,False,False
be,be,VERB,VB,ROOT,xx,True,False
careful,careful,ADJ,JJ,acomp,xxxx,True,False
how,how,ADV,WRB,advmod,xxx,True,False
you,-PRON-,PRON,PRP,nsubj,xxx,True,False
speak,speak,VERB,VBP,ccomp,xxxx,True,False
,,,,PUNCT,,,punct,,,False,False

,
,SPACE,,,
,False,False
⁠Say,⁠say,PROPN,NNP,compound,⁠Xxx,False,False
break,break,NOUN,NN,conj,xxxx,True,False
,,,,PUNCT,,,punct,,,False,False
steak,steak,NOUN,NN,conj,xxxx,True,False
,,,,PUNCT,,,punct,,,False,False
but,but,CCONJ,CC,cc,xxx,True,False
bleak,bleak,ADJ,JJ,conj,xxxx,True,False
and,and,CCONJ,CC,cc,xxx,True,False
streak,streak,NOUN,NN,conj,xxxx,True,False
,,,,PUNCT,,,punct,,,False,False

,
,SPACE,,,
,False,False
Previous,previous,PROPN,NNP,conj,Xxxxx,True,False
,,,,PUNCT,,,punct,,,False,False
precious,precious,ADJ,JJ,conj,xxxx,True,False
;,;,PUNCT,:,punct,;,False,False
fuchsia,fuchsia,ADJ,JJ,conj,xxxx,True,False
,,,,PUNCT,,,punct,,,False,False
via,via,ADP,IN,prep,xxx,True,False
;,;,PUNCT,:,punct,;,False,False

,
,SPACE,,,
,False,False
Pipe,pipe,PROPN,NNP,nsubj,Xxxx,True,False
,,,,PUNCT,,,punct,,,False,False
snipe,snipe,NOUN,NN,conj,xxxx,True,False
,,,,PUNCT,,,punct,,,False,False
recipe,recipe,NOUN,NN,conj,xxxx,True,False
and,and,CCONJ,CC,cc,xxx,True,False
choir,choir,NOUN,NN,conj,xxxx,True,False
,,,,PUNCT,,,punct,,,False,False

,
,SPACE,,,
,False,False
⁠Cloven,⁠cloven,PROPN,NNP,appos,⁠Xxxxx,False,False
,,,,PUNCT,,,punct,,,False,False
oven,oven,VERB,VB,conj,xxxx,True,False
;,;,PUNCT,:,punct,;,False,False
how,how,ADV,WRB,advmod,xxx,True,False
and,and,CCONJ,CC,cc,xxx,True,False
low,low,ADJ,JJ,conj,xxx,True,False
;,;,PUNCT,:,punct,;,False,False

,
,SPACE,,,
,False,False
⁠Script,⁠script,PROPN,NNP,conj,⁠Xxxxx,False,False
,,,,PUNCT,,,punct,,,False,False
receipt,receipt,NOUN,NN,conj,xxxx,True,False
;,;,PUNCT,:,punct,;,False,False
shoe,shoe,NOUN,NN,conj,xxxx,True,False
,,,,PUNCT,,,punct,,,False,False
poem,poem,NOUN,NN,conj,xxxx,True,False
,,,,PUNCT,,,punct,,,False,False
toe,toe,NOUN,NN,conj,xxx,True,False
,,,,PUNCT,,,punct,,,False,False

,
,SPACE,,,
,False,False
Hear,hear,VERB,VB,ROOT,Xxxx,True,False
me,-PRON-,PRON,PRP,nsubj,xx,True,False
say,say,VERB,VB,parataxis,xxx,True,False
,,,,PUNCT,,,punct,,,False,False
devoid,devoid,ADJ,JJ,amod,xxxx,True,False
of,of,ADP,IN,prep,xx,True,False
trickery,trickery,NOUN,NN,pobj,xxxx,True,False
:,:,PUNCT,:,punct,:,False,False

,
,SPACE,,,
,False,False
Daughter,daughter,NOUN,NN,appos,Xxxxx,True,False
,,,,PUNCT,,,punct,,,False,False
laughter,laughter,NOUN,NN,conj,xxxx,True,False
and,and,CCONJ,CC,cc,xxx,True,False
Terpsichore,terpsichore,PROPN,NNP,conj,Xxxxx,True,False
,,,,PUNCT,,,punct,,,False,False

,
,SPACE,,,
,False,False
⁠Typhoid,⁠typhoid,NOUN,NN,appos,⁠Xxxxx,False,False
;,;,PUNCT,:,punct,;,False,False
measles,measle,NOUN,NNS,conj,xxxx,True,False
,,,,PUNCT,,,punct,,,False,False
topsails,topsail,NOUN,NNS,conj,xxxx,True,False
,,,,PUNCT,,,punct,,,False,False
aisles,aisle,NOUN,NNS,conj,xxxx,True,False
;,;,PUNCT,:,punct,;,False,False

,
,SPACE,,,
,False,False
⁠Exiles,⁠exile,NOUN,NNS,conj,⁠Xxxxx,False,False
,,,,PUNCT,,,punct,,,False,False
similes,simile,NOUN,NNS,conj,xxxx,True,False
,,,,PUNCT,,,punct,,,False,False
reviles,revile,VERB,VBZ,conj,xxxx,True,False
;,;,PUNCT,:,punct,;,False,False

,
,SPACE,,,
,False,False
Wholly,wholly,ADV,RB,conj,Xxxxx,True,False
,,,,PUNCT,,,punct,,,False,False
holly,holly,PROPN,NNP,conj,xxxx,True,False
;,;,PUNCT,,,punct,;,False,False
signal,signal,NOUN,NN,appos,xxxx,True,False
,,,,PUNCT,,,punct,,,False,False
signing,signing,NOUN,NN,conj,xxxx,True,False
;,;,PUNCT,:,punct,;,False,False

,
,SPACE,,,
,False,False
Thames,thames,PROPN,NNP,appos,Xxxxx,True,False
;,;,PUNCT,,,punct,;,False,False
examining,examine,VERB,VBG,acl,xxxx,True,False
,,,,PUNCT,,,punct,,,False,False
combining,combine,VERB,VBG,conj,xxxx,True,False
;,;,PUNCT,:,punct,;,False,False

,
,SPACE,,,
,False,False
⁠Scholar,⁠scholar,PROPN,NNP,conj,⁠Xxxxx,False,False
,,,,PUNCT,,,punct,,,False,False
vicar,vicar,NOUN,NN,conj,xxxx,True,False
and,and,CCONJ,CC,cc,xxx,True,False
cigar,cigar,NOUN,NN,conj,xxxx,True,False
,,,,PUNCT,,,punct,,,False,False

,
,SPACE,,,
,False,False
⁠Solar,⁠solar,PROPN,NNP,conj,⁠Xxxxx,False,False
,,,,PUNCT,,,punct,,,False,False
mica,mica,NOUN,NN,conj,xxxx,True,False
,,,,PUNCT,,,punct,,,False,False
war,war,NOUN,NN,conj,xxx,True,False
and,and,CCONJ,CC,cc,xxx,True,False
far,far,ADV,RB,conj,xxx,True,False
.,.,PUNCT,.,punct,.,False,False

,
,SPACE,,,
,False,False
From,from,ADP,IN,ROOT,Xxxx,True,False
",",PUNCT,``,punct,",False,False
desire,desire,NOUN,NN,pobj,xxxx,True,False
",",PUNCT,'',punct,",False,False
:,:,PUNCT,:,punct,:,False,False
desirable,desirable,ADJ,JJ,amod,xxxx,True,False
—,—,PUNCT,NFP,punct,—,False,False
admirable,admirable,ADJ,JJ,amod,xxxx,True,False
from,from,ADP,IN,prep,xxxx,True,False
",",PUNCT,``,punct,",False,False
admire,admire,NOUN,NN,pcomp,xxxx,True,False
",",PUNCT,'',punct,",False,False
;,;,PUNCT,:,punct,;,False,False

,
,SPACE,,,
,False,False
Lumber,lumber,PROPN,NNP,appos,Xxxxx,True,False
,,,,PUNCT,,,punct,,,False,False
plumber,plumber,NOUN,NN,appos,xxxx,True,False
;,;,PUNCT,:,punct,;,False,False
bier,bier,NOUN,NN,conj,xxxx,True,False
but,but,CCONJ,CC,cc,xxx,True,False
brier,brier,NOUN,NN,conj,xxxx,True,False
;,;,PUNCT,:,punct,;,False,False

,
,SPACE,,,
,False,False
⁠Chatham,⁠chatham,PROPN,NNP,conj,⁠Xxxxx,False,False
,,,,PUNCT,,,punct,,,False,False
brougham,brougham,PROPN,NNP,conj,xxxx,True,False
;,;,PUNCT,,,punct,;,False,False
renown,renown,ADJ,JJ,conj,xxxx,True,False
but,but,CCONJ,CC,cc,xxx,True,False
known,know,VERB,VBN,conj,xxxx,True,False
,,,,PUNCT,,,punct,,,False,False

,
,SPACE,,,
,False,False
⁠Knowledge,⁠knowledge,NOUN,NN,conj,⁠Xxxxx,False,False
;,;,PUNCT,:,punct,;,False,False
done,do,VERB,VBN,conj,xxxx,True,False
,,,,PUNCT,,,punct,,,False,False
but,but,CCONJ,CC,cc,xxx,True,False
gone,go,VERB,VBN,conj,xxxx,True,False
and,and,CCONJ,CC,cc,xxx,True,False
tone,tone,NOUN,NN,conj,xxxx,True,False
,,,,PUNCT,,,punct,,,False,False

,
,SPACE,,,
,False,False
One,one,NUM,CD,conj,Xxx,True,False
,,,,PUNCT,,,punct,,,False,False
anemone,anemone,NOUN,NN,appos,xxxx,True,False
;,;,PUNCT,:,punct,;,False,False
Balmoral,balmoral,PROPN,NNP,conj,Xxxxx,True,False
;,;,PUNCT,:,punct,;,False,False

,
,SPACE,,,
,False,False
Kitchen,kitchen,PROPN,NNP,conj,Xxxxx,True,False
,,,,PUNCT,,,punct,,,False,False
lichen,lichen,NOUN,NN,conj,xxxx,True,False
;,;,PUNCT,:,punct,;,False,False
laundry,laundry,NOUN,NN,conj,xxxx,True,False
,,,,PUNCT,,,punct,,,False,False
laurel,laurel,NOUN,NN,conj,xxxx,True,False
;,;,PUNCT,:,punct,;,False,False

,
,SPACE,,,
,False,False
⁠Gertrude,⁠gertrude,PROPN,NNP,conj,⁠Xxxxx,False,False
,,,,PUNCT,,,punct,,,False,False
German,german,ADJ,JJ,conj,Xxxxx,True,False
;,;,PUNCT,:,punct,;,False,False
wind,wind,NOUN,NN,conj,xxxx,True,False
and,and,CCONJ,CC,cc,xxx,True,False
mind,mind,NOUN,NN,conj,xxxx,True,False
;,;,PUNCT,:,punct,;,False,False

,
,SPACE,,,
,False,False
⁠Scene,⁠scene,PUNCT,,,conj,⁠Xxxxx,False,False
,,,,PUNCT,,,punct,,,False,False
Melpomene,melpomene,PROPN,NNP,conj,Xxxxx,True,False
,,,,PUNCT,,,punct,,,False,False
mankind,mankind,NOUN,NN,conj,xxxx,True,False
;,;,PUNCT,,,punct,;,False,False

,
,SPACE,,,
,False,False
Tortoise,tortoise,PROPN,NNP,conj,Xxxxx,True,False
,,,,PUNCT,,,punct,,,False,False
turquoise,turquoise,NOUN,NN,conj,xxxx,True,False
,,,,PUNCT,,,punct,,,False,False
chamois,chamois,NOUN,NN,compound,xxxx,True,False
-,-,PUNCT,HYPH,punct,-,False,False
leather,leather,NOUN,NN,conj,xxxx,True,False
,,,,PUNCT,,,punct,,,False,False

,
,SPACE,,,
,False,False
Reading,reading,PROPN,NNP,conj,Xxxxx,True,False
,,,,PUNCT,,,punct,,,False,False
Reading,reading,NOUN,NN,conj,Xxxxx,True,False
,,,,PUNCT,,,punct,,,False,False
heathen,heathen,NOUN,NN,conj,xxxx,True,False
,,,,PUNCT,,,punct,,,False,False
heather,heather,PROPN,NNP,conj,xxxx,True,False
.,.,PUNCT,.,punct,.,False,False

,
,SPACE,,,
,False,False
⁠This,⁠this,ADJ,JJ,nsubj,⁠Xxxx,False,False
phonetic,phonetic,ADJ,JJ,amod,xxxx,True,False
labyrinth,labyrinth,NOUN,NN,appos,xxxx,True,False

,
,SPACE,,,
,False,False
⁠Gives,⁠gives,PROPN,NNP,ROOT,⁠Xxxxx,False,False
moss,moss,NOUN,NN,dobj,xxxx,True,False
,,,,PUNCT,,,punct,,,False,False
gross,gross,ADJ,JJ,amod,xxxx,True,False
,,,,PUNCT,,,punct,,,False,False
brook,brook,NOUN,NN,conj,xxxx,True,False
,,,,PUNCT,,,punct,,,False,False
brooch,brooch,NOUN,NN,conj,xxxx,True,False
,,,,PUNCT,,,punct,,,False,False
ninth,ninth,ADJ,JJ,amod,xxxx,True,False
,,,,PUNCT,,,punct,,,False,False
plinth,plinth,NOUN,NN,conj,xxxx,True,False
.,.,PUNCT,.,punct,.,False,False

,
,SPACE,,,
,False,False
Billet,billet,PROPN,NNP,nsubj,Xxxxx,True,False
does,do,VERB,VBZ,aux,xxxx,True,False
not,not,ADV,RB,neg,xxx,True,False
end,end,VERB,VB,ccomp,xxx,True,False
like,like,ADP,IN,prep,xxxx,True,False
ballet,ballet,NOUN,NN,pobj,xxxx,True,False
;,;,PUNCT,:,punct,;,False,False

,
,SPACE,,,
,False,False
Bouquet,bouquet,PROPN,NNP,nsubj,Xxxxx,True,False
,,,,PUNCT,,,punct,,,False,False
wallet,wallet,NOUN,NN,appos,xxxx,True,False
,,,,PUNCT,,,punct,,,False,False
mallet,mallet,NOUN,NN,conj,xxxx,True,False
,,,,PUNCT,,,punct,,,False,False
chalet,chalet,PROPN,NNP,conj,xxxx,True,False
;,;,PUNCT,:,punct,;,False,False

,
,SPACE,,,
,False,False
⁠Blood,⁠blood,NOUN,NN,conj,⁠Xxxxx,False,False
and,and,CCONJ,CC,cc,xxx,True,False
flood,flood,NOUN,NN,conj,xxxx,True,False
are,be,VERB,VBP,ROOT,xxx,True,False
not,not,ADV,RB,neg,xxx,True,False
like,like,ADP,IN,prep,xxxx,True,False
food,food,NOUN,NN,pobj,xxxx,True,False
,,,,PUNCT,,,punct,,,False,False

,
,SPACE,,,
,False,False
⁠Nor,⁠nor,PROPN,NNP,nsubj,⁠Xxx,False,False
is,be,VERB,VBZ,conj,xx,True,False
mould,mould,NOUN,NN,aux,xxxx,True,False
like,like,VERB,VB,prep,xxxx,True,False
should,should,VERB,MD,xcomp,xxxx,True,False
and,and,CCONJ,CC,cc,xxx,True,False
would,would,VERB,MD,conj,xxxx,True,False
.,.,PUNCT,.,punct,.,False,False

,
,SPACE,,,
,False,False
Banquet,banquet,PROPN,NNP,nsubj,Xxxxx,True,False
is,be,VERB,VBZ,ccomp,xx,True,False
not,not,ADV,RB,neg,xxx,True,False
nearly,nearly,ADV,RB,advmod,xxxx,True,False
parquet,parquet,NOUN,NN,attr,xxxx,True,False
,,,,PUNCT,,,punct,,,False,False

,
,SPACE,,,
,False,False
Which,which,ADJ,WDT,nsubjpass,Xxxxx,True,False
is,be,VERB,VBZ,auxpass,xx,True,False
said,say,VERB,VBN,ROOT,xxxx,True,False
to,to,PART,TO,prep,xx,True,False
rime,rime,VERB,VB,pobj,xxxx,True,False
with,with,ADP,IN,prep,xxxx,True,False
",",PUNCT,``,punct,",False,False
darky,darky,ADJ,JJ,pobj,xxxx,True,False
",",PUNCT,'',punct,",False,False
.,.,PUNCT,.,punct,.,False,False

,
,SPACE,,,
,False,False
⁠Viscous,⁠viscous,PROPN,NNP,amod,⁠Xxxxx,False,False
,,,,PUNCT,,,punct,,,False,False
viscount,viscount,NOUN,NN,ROOT,xxxx,True,False
;,;,PUNCT,:,punct,;,False,False
load,load,NOUN,NN,conj,xxxx,True,False
and,and,CCONJ,CC,cc,xxx,True,False
broad,broad,ADJ,JJ,conj,xxxx,True,False
;,;,PUNCT,:,punct,;,False,False

,
,SPACE,,,
,False,False
⁠Toward,⁠toward,PROPN,NNP,conj,⁠Xxxxx,False,False
,,,,PUNCT,,,punct,,,False,False
to,to,PART,TO,aux,xx,True,False
forward,forward,ADV,RB,relcl,xxxx,True,False
,,,,PUNCT,,,punct,,,False,False
to,to,PART,TO,aux,xx,True,False
reward,reward,VERB,VB,conj,xxxx,True,False
,,,,PUNCT,,,punct,,,False,False

,
,SPACE,,,
,False,False
And,and,CCONJ,CC,cc,Xxx,True,False
your,-PRON-,ADJ,PRP$,poss,xxxx,True,False
pronunciation,pronunciation,NOUN,NN,poss,xxxx,True,False
's,'s,PART,POS,case,'x,False,False
O.K.,o.k.,PROPN,NNP,ROOT,X.X.,False,False

,
,SPACE,,,
,False,False
When,when,ADV,WRB,advmod,Xxxx,True,False
you,-PRON-,PRON,PRP,nsubj,xxx,True,False
say,say,VERB,VBP,advcl,xxx,True,False
correctly,correctly,ADV,RB,advmod,xxxx,True,False
croquet,croquet,NOUN,NN,dobj,xxxx,True,False
;,;,PUNCT,:,punct,;,False,False

,
,SPACE,,,
,False,False
⁠Rounded,⁠rounded,PROPN,NNP,conj,⁠Xxxxx,False,False
,,,,PUNCT,,,punct,,,False,False
wounded,wound,VERB,VBN,conj,xxxx,True,False
;,;,PUNCT,:,punct,;,False,False
grieve,grieve,VERB,VB,conj,xxxx,True,False
and,and,CCONJ,CC,cc,xxx,True,False
sieve,sieve,NOUN,NN,conj,xxxx,True,False
;,;,PUNCT,:,punct,;,False,False

,
,SPACE,,,
,False,False
⁠Friend,⁠friend,PROPN,NNP,conj,⁠Xxxxx,False,False
and,and,CCONJ,CC,cc,xxx,True,False
fiend,fiend,NOUN,NN,conj,xxxx,True,False
;,;,PUNCT,:,punct,;,False,False
alive,alive,ADJ,JJ,conj,xxxx,True,False
and,and,CCONJ,CC,cc,xxx,True,False
live,live,VERB,VBP,conj,xxxx,True,False
;,;,PUNCT,:,punct,;,False,False

,
,SPACE,,,
,False,False
Liberty,liberty,PROPN,NNP,conj,Xxxxx,True,False
,,,,PUNCT,,,punct,,,False,False
library,library,NOUN,NN,appos,xxxx,True,False
;,;,PUNCT,:,punct,;,False,False
heave,heave,VERB,VB,conj,xxxx,True,False
and,and,CCONJ,CC,cc,xxx,True,False
heaven,heaven,PROPN,NNP,conj,xxxx,True,False
;,;,PUNCT,:,punct,;,False,False

,
,SPACE,,,
,False,False
Rachel,rachel,PROPN,NNP,conj,Xxxxx,True,False
,,,,PUNCT,,,punct,,,False,False
ache,ache,NOUN,NN,conj,xxxx,True,False
,,,,PUNCT,,,punct,,,False,False
moustache,moustache,NOUN,NN,conj,xxxx,True,False
;,;,PUNCT,:,punct,;,False,False
eleven,eleven,NUM,CD,appos,xxxx,True,False
.,.,PUNCT,.,punct,.,False,False

,
,SPACE,,,
,False,False
⁠We,⁠we,PROPN,NNP,nsubj,⁠Xx,False,False
say,say,VERB,VB,ROOT,xxx,True,False
hallowed,hallowed,ADJ,JJ,advmod,xxxx,True,False
,,,,PUNCT,,,punct,,,False,False
but,but,CCONJ,CC,cc,xxx,True,False
allowed,allow,VERB,VBN,conj,xxxx,True,False
;,;,PUNCT,:,punct,;,False,False

,
,SPACE,,,
,False,False
⁠People,⁠people,PROPN,NNP,nsubj,⁠Xxxxx,False,False
,,,,PUNCT,,,punct,,,False,False
leopard,leopard,NOUN,NN,appos,xxxx,True,False
;,;,PUNCT,,,punct,;,False,False
towed,tow,VERB,VBN,conj,xxxx,True,False
,,,,PUNCT,,,punct,,,False,False
but,but,CCONJ,CC,cc,xxx,True,False
vowed,vow,VERB,VBD,conj,xxxx,True,False

,
,SPACE,,,
,False,False
Mark,mark,PROPN,NNP,dobj,Xxxx,True,False
the,the,DET,DT,det,xxx,True,False
difference,difference,NOUN,NN,appos,xxxx,True,False
,,,,PUNCT,,,punct,,,False,False
moreover,moreover,ADV,RB,advmod,xxxx,True,False
,,,,PUNCT,,,punct,,,False,False

,
,SPACE,,,
,False,False
Between,between,ADP,IN,prep,Xxxxx,True,False
mover,mover,NOUN,NN,pobj,xxxx,True,False
,,,,PUNCT,,,punct,,,False,False
plover,plover,NOUN,NN,conj,xxxx,True,False
,,,,PUNCT,,,punct,,,False,False
Dover,dover,PROPN,NNP,conj,Xxxxx,True,False
,,,,PUNCT,,,punct,,,False,False

,
,SPACE,,,
,False,False
⁠Leeches,⁠leeches,PROPN,NNP,conj,⁠Xxxxx,False,False
,,,,PUNCT,,,punct,,,False,False
breeches,breech,NOUN,NNS,conj,xxxx,True,False
;,;,PUNCT,:,punct,;,False,False
wise,wise,ADJ,JJ,amod,xxxx,True,False
,,,,PUNCT,,,punct,,,False,False
precise,precise,ADJ,JJ,amod,xxxx,True,False
;,;,PUNCT,:,punct,;,False,False

,
,SPACE,,,
,False,False
⁠Chalice,⁠chalice,NOUN,NN,pobj,⁠Xxxxx,False,False
but,but,CCONJ,CC,cc,xxx,True,False
police,police,NOUN,NNS,conj,xxxx,True,False
and,and,CCONJ,CC,cc,xxx,True,False
lice,lice,NOUN,NN,conj,xxxx,True,False
.,.,PUNCT,.,punct,.,False,False

,
,SPACE,,,
,False,False
Camel,camel,PROPN,NNP,ROOT,Xxxxx,True,False
;,;,PUNCT,:,punct,;,False,False
constable,constable,NOUN,NN,appos,xxxx,True,False
,,,,PUNCT,,,punct,,,False,False
unstable,unstable,ADJ,JJ,amod,xxxx,True,False
;,;,PUNCT,:,punct,;,False,False

,
,SPACE,,,
,False,False
Principle,principle,PROPN,NNP,conj,Xxxxx,True,False
,,,,PUNCT,,,punct,,,False,False
disciple,disciple,NOUN,NN,conj,xxxx,True,False
;,;,PUNCT,,,punct,;,False,False
label,label,NOUN,NN,conj,xxxx,True,False
;,;,PUNCT,:,punct,;,False,False

,
,SPACE,,,
,False,False
⁠Petal,⁠petal,PROPN,NNP,conj,⁠Xxxxx,False,False
,,,,PUNCT,,,punct,,,False,False
penal,penal,ADJ,JJ,conj,xxxx,True,False
and,and,CCONJ,CC,cc,xxx,True,False
canal,canal,NOUN,NN,conj,xxxx,True,False
;,;,PUNCT,:,punct,;,False,False

,
,SPACE,,,
,False,False
⁠Wait,⁠wait,NOUN,NN,conj,⁠Xxxx,False,False
,,,,PUNCT,,,punct,,,False,False
surmise,surmise,NOUN,NN,nmod,xxxx,True,False
,,,,PUNCT,,,punct,,,False,False
plait,plait,NOUN,NN,conj,xxxx,True,False
,,,,PUNCT,,,punct,,,False,False
promise,promise,NOUN,NN,conj,xxxx,True,False
;,;,PUNCT,:,punct,;,False,False
pal,pal,NOUN,NN,conj,xxx,True,False
.,.,PUNCT,.,punct,.,False,False

,
,SPACE,,,
,False,False
Suit,suit,PROPN,NNP,nmod,Xxxx,True,False
,,,,PUNCT,,,punct,,,False,False
suite,suite,NOUN,NN,appos,xxxx,True,False
,,,,PUNCT,,,punct,,,False,False
run,run,NOUN,NN,conj,xxx,True,False
,,,,PUNCT,,,punct,,,False,False
circuit,circuit,NOUN,NN,conj,xxxx,True,False
,,,,PUNCT,,,punct,,,False,False
conduit,conduit,NOUN,NN,compound,xxxx,True,False

,
,SPACE,,,
,False,False
Rime,rime,PROPN,NNP,nsubj,Xxxx,True,False
with,with,ADP,IN,prep,xxxx,True,False
",",PUNCT,``,punct,",False,False
shirk,shirk,VERB,VB,pcomp,xxxx,True,False
it,-PRON-,PRON,PRP,dobj,xx,True,False
",",PUNCT,'',punct,",False,False
and,and,CCONJ,CC,cc,xxx,True,False
",",PUNCT,``,punct,",False,False
beyond,beyond,ADP,IN,conj,xxxx,True,False
it,-PRON-,PRON,PRP,pobj,xx,True,False
",",PUNCT,'',punct,",False,False
,,,,PUNCT,,,punct,,,False,False

,
,SPACE,,,
,False,False
⁠But,⁠but,CCONJ,CC,ROOT,⁠Xxx,False,False
it,-PRON-,PRON,PRP,nsubj,xx,True,False
is,be,VERB,VBZ,ccomp,xx,True,False
not,not,ADV,RB,neg,xxx,True,False
hard,hard,ADJ,JJ,acomp,xxxx,True,False
to,to,PART,TO,aux,xx,True,False
tell,tell,VERB,VB,xcomp,xxxx,True,False
,,,,PUNCT,,,punct,,,False,False

,
,SPACE,,,
,False,False
⁠Why,⁠why,PROPN,NNP,ROOT,⁠Xxx,False,False
it,-PRON-,PRON,PRP,nsubj,xx,True,False
's,be,VERB,VBZ,ROOT,'x,False,False
pall,pall,NOUN,NN,attr,xxxx,True,False
,,,,PUNCT,,,punct,,,False,False
mall,mall,NOUN,NN,conj,xxxx,True,False
,,,,PUNCT,,,punct,,,False,False
but,but,CCONJ,CC,cc,xxx,True,False
Pall,pall,PROPN,NNP,compound,Xxxx,True,False
Mall,mall,PROPN,NNP,conj,Xxxx,True,False
.,.,PUNCT,.,punct,.,False,False

,
,SPACE,,,
,False,False
Muscle,muscle,PROPN,NNP,ROOT,Xxxxx,True,False
,,,,PUNCT,,,punct,,,False,False
muscular,muscular,ADJ,JJ,amod,xxxx,True,False
;,;,PUNCT,:,punct,;,False,False
gaol,gaol,NOUN,NN,conj,xxxx,True,False
;,;,PUNCT,:,punct,;,False,False
iron,iron,NOUN,NN,conj,xxxx,True,False
;,;,PUNCT,:,punct,;,False,False

,
,SPACE,,,
,False,False
Timber,timber,PROPN,NNP,conj,Xxxxx,True,False
,,,,PUNCT,,,punct,,,False,False
climber,climber,NOUN,NN,appos,xxxx,True,False
;,;,PUNCT,:,punct,;,False,False
bullion,bullion,NOUN,NN,conj,xxxx,True,False
,,,,PUNCT,,,punct,,,False,False
lion,lion,NOUN,NN,conj,xxxx,True,False
,,,,PUNCT,,,punct,,,False,False

,
,SPACE,,,
,False,False
⁠Worm,⁠worm,NOUN,NN,conj,⁠Xxxx,False,False
and,and,CCONJ,CC,cc,xxx,True,False
storm,storm,NOUN,NN,conj,xxxx,True,False
;,;,PUNCT,:,punct,;,False,False
chaise,chaise,VERB,VB,conj,xxxx,True,False
,,,,PUNCT,,,punct,,,False,False
chaos,chaos,NOUN,NN,conj,xxxx,True,False
,,,,PUNCT,,,punct,,,False,False
chair,chair,NOUN,NN,conj,xxxx,True,False
;,;,PUNCT,:,punct,;,False,False

,
,SPACE,,,
,False,False
⁠Senator,⁠senator,NOUN,NN,conj,⁠Xxxxx,False,False
,,,,PUNCT,,,punct,,,False,False
spectator,spectator,NOUN,NN,conj,xxxx,True,False
,,,,PUNCT,,,punct,,,False,False
mayor,mayor,NOUN,NN,appos,xxxx,True,False
.,.,PUNCT,.,punct,.,False,False

,
,SPACE,,,
,False,False
Ivy,ivy,PROPN,NNP,nmod,Xxx,True,False
,,,,PUNCT,,,punct,,,False,False
privy,privy,NOUN,NN,ccomp,xxxx,True,False
;,;,PUNCT,,,punct,;,False,False
famous,famous,ADJ,JJ,amod,xxxx,True,False
,,,,PUNCT,,,punct,,,False,False
clamour,clamour,NOUN,NN,ROOT,xxxx,True,False

,
,SPACE,,,
,False,False
And,and,CCONJ,CC,cc,Xxx,True,False
enamour,enamour,VERB,VB,conj,xxxx,True,False
rime,rime,NOUN,NN,dobj,xxxx,True,False
with,with,ADP,IN,prep,xxxx,True,False
",",PUNCT,``,punct,",False,False
hammer,hammer,NOUN,NN,pobj,xxxx,True,False
.,.,PUNCT,.,punct,.,False,False
",",PUNCT,'',punct,",False,False

,
,SPACE,,,
,False,False
⁠Pussy,⁠pussy,PROPN,NNP,ROOT,⁠Xxxxx,False,False
,,,,PUNCT,,,punct,,,False,False
hussy,hussy,NOUN,NN,appos,xxxx,True,False
and,and,CCONJ,CC,cc,xxx,True,False
possess,possess,VERB,VBP,conj,xxxx,True,False
.,.,PUNCT,.,punct,.,False,False

,
,SPACE,,,
,False,False
⁠Desert,⁠desert,PROPN,NNP,ROOT,⁠Xxxxx,False,False
,,,,PUNCT,,,punct,,,False,False
but,but,CCONJ,CC,cc,xxx,True,False
dessert,dessert,NOUN,NN,nmod,xxxx,True,False
,,,,PUNCT,,,punct,,,False,False
address,address,NOUN,NN,conj,xxxx,True,False
.,.,PUNCT,.,punct,.,False,False

,
,SPACE,,,
,False,False
Golf,golf,PROPN,NNP,dep,Xxxx,True,False
,,,,PUNCT,,,punct,,,False,False
wolf,wolf,NOUN,NN,appos,xxxx,True,False
;,;,PUNCT,:,punct,;,False,False
countenance,countenance,NOUN,NN,ROOT,xxxx,True,False
;,;,PUNCT,:,punct,;,False,False
lieutenants,lieutenant,NOUN,NNS,nsubj,xxxx,True,False

,
,SPACE,,,
,False,False
Hoist,hoist,PROPN,NNP,appos,Xxxxx,True,False
,,,,PUNCT,,,punct,,,False,False
in,in,ADP,IN,prep,xx,True,False
lieu,lieu,NOUN,NN,pobj,xxxx,True,False
of,of,ADP,IN,prep,xx,True,False
flags,flag,NOUN,NNS,pobj,xxxx,True,False
,,,,PUNCT,,,punct,,,False,False
left,leave,VERB,VBD,conj,xxxx,True,False
pennants,pennant,NOUN,NNS,dobj,xxxx,True,False
.,.,PUNCT,.,punct,.,False,False

,
,SPACE,,,
,False,False
⁠River,⁠river,PROPN,NNP,ROOT,⁠Xxxxx,False,False
,,,,PUNCT,,,punct,,,False,False
rival,rival,NOUN,NN,conj,xxxx,True,False
;,;,PUNCT,:,punct,;,False,False
tomb,tomb,NOUN,NN,conj,xxxx,True,False
,,,,PUNCT,,,punct,,,False,False
bomb,bomb,NOUN,NN,conj,xxxx,True,False
,,,,PUNCT,,,punct,,,False,False
comb,comb,NOUN,NN,conj,xxxx,True,False
;,;,PUNCT,:,punct,;,False,False

,
,SPACE,,,
,False,False
⁠Doll,⁠doll,PROPN,NNP,conj,⁠Xxxx,False,False
and,and,CCONJ,CC,cc,xxx,True,False
roll,roll,NOUN,NN,conj,xxxx,True,False
and,and,CCONJ,CC,cc,xxx,True,False
some,some,DET,DT,conj,xxxx,True,False
and,and,CCONJ,CC,cc,xxx,True,False
home,home,NOUN,NN,conj,xxxx,True,False
.,.,PUNCT,.,punct,.,False,False

,
,SPACE,,,
,False,False
Stranger,stranger,PROPN,NNP,nsubj,Xxxxx,True,False
does,do,VERB,VBZ,aux,xxxx,True,False
not,not,ADV,RB,neg,xxx,True,False
rime,rime,VERB,VB,ROOT,xxxx,True,False
with,with,ADP,IN,prep,xxxx,True,False
anger,anger,NOUN,NN,pobj,xxxx,True,False
,,,,PUNCT,,,punct,,,False,False

,
,SPACE,,,
,False,False
Neither,neither,CCONJ,CC,nsubj,Xxxxx,True,False
does,do,VERB,VBZ,aux,xxxx,True,False
devour,devour,VERB,VB,conj,xxxx,True,False
with,with,ADP,IN,prep,xxxx,True,False
clangour,clangour,NOUN,NN,pobj,xxxx,True,False
.,.,PUNCT,.,punct,.,False,False

,
,SPACE,,,
,False,False
⁠Soul,⁠soul,PROPN,NNP,nsubj,⁠Xxxx,False,False
,,,,PUNCT,,,punct,,,False,False
but,but,CCONJ,CC,cc,xxx,True,False
foul,foul,ADJ,JJ,conj,xxxx,True,False
and,and,CCONJ,CC,cc,xxx,True,False
gaunt,gaunt,ADJ,JJ,conj,xxxx,True,False
,,,,PUNCT,,,punct,,,False,False
but,but,CCONJ,CC,cc,xxx,True,False
aunt,aunt,NOUN,NN,conj,xxxx,True,False
;,;,PUNCT,:,punct,;,False,False

,
,SPACE,,,
,False,False
⁠Font,⁠font,PROPN,NNP,conj,⁠Xxxx,False,False
,,,,PUNCT,,,punct,,,False,False
front,front,NOUN,NN,conj,xxxx,True,False
,,,,PUNCT,,,punct,,,False,False
wo,will,VERB,MD,aux,xx,True,False
nt,not,ADV,RB,advmod,xx,True,False
;,;,PUNCT,:,punct,;,False,False
want,want,VERB,VB,ROOT,xxxx,True,False
,,,,PUNCT,,,punct,,,False,False
grand,grand,ADJ,JJ,conj,xxxx,True,False
,,,,PUNCT,,,punct,,,False,False
and,and,CCONJ,CC,cc,xxx,True,False
,,,,PUNCT,,,punct,,,False,False
grant,grant,NOUN,NN,conj,xxxx,True,False
,,,,PUNCT,,,punct,,,False,False

,
,SPACE,,,
,False,False
Shoes,shoes,PROPN,NNP,dobj,Xxxxx,True,False
,,,,PUNCT,,,punct,,,False,False
goes,go,VERB,VBZ,conj,xxxx,True,False
,,,,PUNCT,,,punct,,,False,False
does.[1,does.[1,PROPN,NNP,dep,xxxx.[d,False,False
],],PUNCT,-RRB-,punct,],False,False
),),PUNCT,-RRB-,punct,),False,False
Now,now,ADV,RB,advmod,Xxx,True,False
first,first,ADV,RB,advmod,xxxx,True,False
say,say,VERB,VBP,ROOT,xxx,True,False
:,:,PUNCT,:,punct,:,False,False
finger,finger,NOUN,NN,dobj,xxxx,True,False
,,,,PUNCT,,,punct,,,False,False

,
,SPACE,,,
,False,False
And,and,CCONJ,CC,cc,Xxx,True,False
then,then,ADV,RB,conj,xxxx,True,False
:,:,PUNCT,:,punct,:,False,False
singer,singer,NOUN,NN,appos,xxxx,True,False
,,,,PUNCT,,,punct,,,False,False
ginger,ginger,NOUN,NN,appos,xxxx,True,False
,,,,PUNCT,,,punct,,,False,False
linger,linger,VERB,VBP,ccomp,xxxx,True,False
.,.,PUNCT,.,punct,.,False,False

,
,SPACE,,,
,False,False
⁠Real,⁠real,NOUN,NN,amod,⁠Xxxx,False,False
,,,,PUNCT,,,punct,,,False,False
zeal,zeal,NOUN,NN,ROOT,xxxx,True,False
;,;,PUNCT,,,punct,;,False,False
mauve,mauve,ADJ,JJ,conj,xxxx,True,False
,,,,PUNCT,,,punct,,,False,False
gauze,gauze,NOUN,NN,conj,xxxx,True,False
and,and,CCONJ,CC,cc,xxx,True,False
gauge,gauge,NOUN,NN,conj,xxxx,True,False
;,;,PUNCT,:,punct,;,False,False

,
,SPACE,,,
,False,False
⁠Marriage,⁠marriage,NOUN,NN,appos,⁠Xxxxx,False,False
,,,,PUNCT,,,punct,,,False,False
foliage,foliage,NOUN,NN,conj,xxxx,True,False
,,,,PUNCT,,,punct,,,False,False
mirage,mirage,NOUN,NN,conj,xxxx,True,False
,,,,PUNCT,,,punct,,,False,False
age,age,NOUN,NN,conj,xxx,True,False
.,.,PUNCT,.,punct,.,False,False

,
,SPACE,,,
,False,False
Query,query,PROPN,NNP,nsubj,Xxxxx,True,False
does,do,VERB,VBZ,aux,xxxx,True,False
not,not,ADV,RB,neg,xxx,True,False
rime,rime,VERB,VB,ROOT,xxxx,True,False
with,with,ADP,IN,prep,xxxx,True,False
very,very,ADV,RB,pobj,xxxx,True,False
,,,,PUNCT,,,punct,,,False,False

,
,SPACE,,,
,False,False
Nor,nor,CCONJ,CC,cc,Xxx,True,False
does,do,VERB,VBZ,aux,xxxx,True,False
fury,fury,NOUN,NN,compound,xxxx,True,False
sound,sound,VERB,VB,conj,xxxx,True,False
like,like,ADP,IN,prep,xxxx,True,False
bury,bury,NOUN,NN,pobj,xxxx,True,False
.,.,PUNCT,.,punct,.,False,False

,
,SPACE,,,
,False,False
⁠Dost,⁠dost,PROPN,NNP,ROOT,⁠Xxxx,False,False
,,,,PUNCT,,,punct,,,False,False
lost,lose,VERB,VBN,dep,xxxx,True,False
,,,,PUNCT,,,punct,,,False,False
post,post,NOUN,NN,conj,xxxx,True,False
and,and,CCONJ,CC,cc,xxx,True,False
doth,doth,NOUN,NN,conj,xxxx,True,False
,,,,PUNCT,,,punct,,,False,False
cloth,cloth,NOUN,NN,conj,xxxx,True,False
,,,,PUNCT,,,punct,,,False,False
loth,loth,X,XX,conj,xxxx,True,False
;,;,PUNCT,:,punct,;,False,False

,
,SPACE,,,
,False,False
⁠Job,⁠job,PROPN,NNP,nmod,⁠Xxx,False,False
,,,,PUNCT,,,punct,,,False,False
Job,job,PROPN,NNP,conj,Xxx,True,False
,,,,PUNCT,,,punct,,,False,False
blossom,blossom,NOUN,NN,conj,xxxx,True,False
,,,,PUNCT,,,punct,,,False,False
bosom,bosom,NOUN,NN,conj,xxxx,True,False
,,,,PUNCT,,,punct,,,False,False
oath,oath,NOUN,NN,conj,xxxx,True,False
.,.,PUNCT,.,punct,.,False,False

,
,SPACE,,,
,False,False
Though,though,ADP,IN,mark,Xxxxx,True,False
the,the,DET,DT,det,xxx,True,False
difference,difference,NOUN,NN,nsubj,xxxx,True,False
seems,seem,VERB,VBZ,advcl,xxxx,True,False
little,little,ADJ,JJ,oprd,xxxx,True,False
,,,,PUNCT,,,punct,,,False,False

,
,SPACE,,,
,False,False
We,-PRON-,PRON,PRP,nsubj,Xx,True,False
say,say,VERB,VBP,ROOT,xxx,True,False
actual,actual,ADJ,JJ,acomp,xxxx,True,False
,,,,PUNCT,,,punct,,,False,False
but,but,CCONJ,CC,cc,xxx,True,False
victual,victual,ADJ,JJ,conj,xxxx,True,False
,,,,PUNCT,,,punct,,,False,False

,
,SPACE,,,
,False,False
⁠Seat,⁠seat,NOUN,NN,conj,⁠Xxxx,False,False
,,,,PUNCT,,,punct,,,False,False
sweat,sweat,NOUN,NN,conj,xxxx,True,False
,,,,PUNCT,,,punct,,,False,False
chaste,chaste,ADJ,JJ,conj,xxxx,True,False
,,,,PUNCT,,,punct,,,False,False
caste,caste,NOUN,NN,conj,xxxx,True,False
;,;,PUNCT,:,punct,;,False,False
Leigh,leigh,PROPN,NNP,npadvmod,Xxxxx,True,False
,,,,PUNCT,,,punct,,,False,False
eight,eight,NUM,CD,conj,xxxx,True,False
,,,,PUNCT,,,punct,,,False,False
height,height,NOUN,NN,conj,xxxx,True,False
;,;,PUNCT,:,punct,;,False,False

,
,SPACE,,,
,False,False
⁠Put,⁠put,PROPN,NNP,conj,⁠Xxx,False,False
,,,,PUNCT,,,punct,,,False,False
nut,nut,NOUN,NN,conj,xxx,True,False
;,;,PUNCT,:,punct,;,False,False
granite,granite,NOUN,NN,conj,xxxx,True,False
,,,,PUNCT,,,punct,,,False,False
but,but,CCONJ,CC,cc,xxx,True,False
unite,unite,VERB,VB,conj,xxxx,True,False
.,.,PUNCT,.,punct,.,False,False

,
,SPACE,,,
,False,False
Reefer,reefer,PROPN,NNP,nsubj,Xxxxx,True,False
does,do,VERB,VBZ,aux,xxxx,True,False
not,not,ADV,RB,neg,xxx,True,False
rime,rime,VERB,VB,ROOT,xxxx,True,False
with,with,ADP,IN,prep,xxxx,True,False
",",PUNCT,``,punct,",False,False
deafer,deafer,NOUN,NN,pobj,xxxx,True,False
,,,,PUNCT,,,punct,,,False,False
",",PUNCT,'',punct,",False,False

,
,SPACE,,,
,False,False
Feoffer,feoffer,PROPN,NNP,nsubj,Xxxxx,True,False
does,do,VERB,VBZ,conj,xxxx,True,False
,,,,PUNCT,,,punct,,,False,False
and,and,CCONJ,CC,cc,xxx,True,False
zephyr,zephyr,NOUN,NN,nmod,xxxx,True,False
,,,,PUNCT,,,punct,,,False,False
heifer,heifer,NOUN,NN,conj,xxxx,True,False
.,.,PUNCT,.,punct,.,False,False

,
,SPACE,,,
,False,False
⁠Dull,⁠dull,PROPN,NNP,amod,⁠Xxxx,False,False
,,,,PUNCT,,,punct,,,False,False
bull,bull,NOUN,NN,ROOT,xxxx,True,False
;,;,PUNCT,:,punct,;,False,False
Geoffrey,geoffrey,PROPN,NNP,nsubj,Xxxxx,True,False
,,,,PUNCT,,,punct,,,False,False
George,george,PROPN,NNP,appos,Xxxxx,True,False
;,;,PUNCT,:,punct,;,False,False
ate,eat,VERB,VBD,conj,xxx,True,False
,,,,PUNCT,,,punct,,,False,False
late,late,ADV,RB,advmod,xxxx,True,False
;,;,PUNCT,:,punct,;,False,False

,
,SPACE,,,
,False,False
⁠Hint,⁠hint,NOUN,NN,conj,⁠Xxxx,False,False
,,,,PUNCT,,,punct,,,False,False
pint,pint,NOUN,NN,conj,xxxx,True,False
;,;,PUNCT,:,punct,;,False,False
senate,senate,NOUN,NN,conj,xxxx,True,False
,,,,PUNCT,,,punct,,,False,False
but,but,CCONJ,CC,cc,xxx,True,False
sedate,sedate,ADJ,JJ,conj,xxxx,True,False
;,;,PUNCT,:,punct,;,False,False

,
,SPACE,,,
,False,False
Scenic,scenic,ADJ,JJ,conj,Xxxxx,True,False
,,,,PUNCT,,,punct,,,False,False
Arabic,arabic,ADJ,JJ,conj,Xxxxx,True,False
,,,,PUNCT,,,punct,,,False,False
pacific,pacific,NOUN,NN,conj,xxxx,True,False
;,;,PUNCT,:,punct,;,False,False

,
,SPACE,,,
,False,False
Science,science,PROPN,NNP,conj,Xxxxx,True,False
,,,,PUNCT,,,punct,,,False,False
conscience,conscience,NOUN,NN,conj,xxxx,True,False
,,,,PUNCT,,,punct,,,False,False
scientific,scientific,ADJ,JJ,conj,xxxx,True,False
;,;,PUNCT,:,punct,;,False,False

,
,SPACE,,,
,False,False
⁠Tour,⁠tour,PROPN,NNP,conj,⁠Xxxx,False,False
,,,,PUNCT,,,punct,,,False,False
but,but,CCONJ,CC,cc,xxx,True,False
our,-PRON-,ADJ,PRP$,conj,xxx,True,False
,,,,PUNCT,,,punct,,,False,False
and,and,CCONJ,CC,cc,xxx,True,False
succour,succour,VERB,VB,conj,xxxx,True,False
,,,,PUNCT,,,punct,,,False,False
four,four,NUM,CD,conj,xxxx,True,False
;,;,PUNCT,:,punct,;,False,False

,
,SPACE,,,
,False,False
⁠Gas,⁠gas,PROPN,NNP,conj,⁠Xxx,False,False
,,,,PUNCT,,,punct,,,False,False
alas,alas,INTJ,UH,conj,xxxx,True,False
and,and,CCONJ,CC,cc,xxx,True,False
Arkansas,arkansas,PROPN,NNP,conj,Xxxxx,True,False
!,!,PUNCT,.,punct,!,False,False

,
,SPACE,,,
,False,False
Sea,sea,PROPN,NNP,nmod,Xxx,True,False
,,,,PUNCT,,,punct,,,False,False
idea,idea,NOUN,NN,ROOT,xxxx,True,False
,,,,PUNCT,,,punct,,,False,False
guinea,guinea,NOUN,NN,appos,xxxx,True,False
,,,,PUNCT,,,punct,,,False,False
area,area,NOUN,NN,conj,xxxx,True,False
,,,,PUNCT,,,punct,,,False,False

,
,SPACE,,,
,False,False
Psalm,psalm,PROPN,NNP,conj,Xxxxx,True,False
;,;,PUNCT,:,punct,;,False,False
Maria,maria,PROPN,NNP,conj,Xxxxx,True,False
,,,,PUNCT,,,punct,,,False,False
but,but,CCONJ,CC,cc,xxx,True,False
malaria,malaria,NOUN,NN,conj,xxxx,True,False
;,;,PUNCT,,,punct,;,False,False

,
,SPACE,,,
,False,False
⁠Youth,⁠youth,PROPN,NNP,conj,⁠Xxxxx,False,False
,,,,PUNCT,,,punct,,,False,False
south,south,NOUN,NN,advmod,xxxx,True,False
,,,,PUNCT,,,punct,,,False,False
southern,southern,ADJ,JJ,conj,xxxx,True,False
;,;,PUNCT,:,punct,;,False,False
cleanse,cleanse,VERB,VB,conj,xxxx,True,False
and,and,CCONJ,CC,cc,xxx,True,False
clean,clean,ADJ,JJ,conj,xxxx,True,False
;,;,PUNCT,:,punct,;,False,False

,
,SPACE,,,
,False,False
⁠Doctrine,⁠doctrine,NOUN,NN,conj,⁠Xxxxx,False,False
,,,,PUNCT,,,punct,,,False,False
turpentine,turpentine,NOUN,NN,conj,xxxx,True,False
,,,,PUNCT,,,punct,,,False,False
marine,marine,NOUN,NN,conj,xxxx,True,False
.,.,PUNCT,.,punct,.,False,False

,
,SPACE,,,
,False,False
Compare,compare,VERB,VB,amod,Xxxxx,True,False
alien,alien,NOUN,NN,ROOT,xxxx,True,False
with,with,ADP,IN,prep,xxxx,True,False
Italian,italian,ADJ,JJ,pobj,Xxxxx,True,False
,,,,PUNCT,,,punct,,,False,False

,
,SPACE,,,
,False,False
Dandelion,dandelion,PROPN,NNP,appos,Xxxxx,True,False
with,with,ADP,IN,prep,xxxx,True,False
battalion,battalion,NOUN,NN,pobj,xxxx,True,False
,,,,PUNCT,,,punct,,,False,False

,
,SPACE,,,
,False,False
⁠Sally,⁠sally,ADV,RB,advmod,⁠Xxxxx,False,False
with,with,ADP,IN,prep,xxxx,True,False
ally,ally,NOUN,NN,pobj,xxxx,True,False
;,;,PUNCT,:,punct,;,False,False
yea,yea,INTJ,UH,preconj,xxx,True,False
,,,,PUNCT,,,punct,,,False,False
ye,ye,INTJ,UH,intj,xx,True,False
,,,,PUNCT,,,punct,,,False,False

,
,SPACE,,,
,False,False
⁠Eye,⁠eye,PROPN,NNP,intj,⁠Xxx,False,False
,,,,PUNCT,,,punct,,,False,False
I,-PRON-,PRON,PRP,nsubj,X,True,False
,,,,PUNCT,,,punct,,,False,False
ay,ay,INTJ,UH,intj,xx,True,False
,,,,PUNCT,,,punct,,,False,False
aye,aye,INTJ,UH,intj,xxx,True,False
,,,,PUNCT,,,punct,,,False,False
whey,whey,NOUN,NN,conj,xxxx,True,False
,,,,PUNCT,,,punct,,,False,False
key,key,NOUN,NN,preconj,xxx,True,False
,,,,PUNCT,,,punct,,,False,False
quay,quay,NOUN,NN,appos,xxxx,True,False
!,!,PUNCT,.,punct,!,False,False

,
,SPACE,,,
,False,False
Say,say,PROPN,NNP,ROOT,Xxx,True,False
aver,aver,ADV,RB,advmod,xxxx,True,False
,,,,PUNCT,,,punct,,,False,False
but,but,CCONJ,CC,cc,xxx,True,False
ever,ever,ADV,RB,advmod,xxxx,True,False
,,,,PUNCT,,,punct,,,False,False
fever,fever,NOUN,NN,conj,xxxx,True,False
,,,,PUNCT,,,punct,,,False,False

,
,SPACE,,,
,False,False
Neither,neither,ADP,IN,conj,Xxxxx,True,False
,,,,PUNCT,,,punct,,,False,False
leisure,leisure,NOUN,NN,nmod,xxxx,True,False
,,,,PUNCT,,,punct,,,False,False
skein,skein,NOUN,NN,nmod,xxxx,True,False
,,,,PUNCT,,,punct,,,False,False
receiver,receiver,NOUN,NN,conj,xxxx,True,False
.,.,PUNCT,.,punct,.,False,False

,
,SPACE,,,
,False,False
⁠Never,⁠never,ADV,RB,nsubj,⁠Xxxxx,False,False
guess,guess,VERB,VB,ROOT,xxxx,True,False
—,—,PUNCT,,,punct,—,False,False
it,-PRON-,PRON,PRP,nsubj,xx,True,False
is,be,VERB,VBZ,ccomp,xx,True,False
not,not,ADV,RB,neg,xxx,True,False
safe,safe,ADJ,JJ,acomp,xxxx,True,False
;,;,PUNCT,:,punct,;,False,False

,
,SPACE,,,
,False,False
⁠We,⁠we,NOUN,NN,nsubj,⁠Xx,False,False
say,say,VERB,VBP,ROOT,xxx,True,False
calves,calf,NOUN,NNS,dobj,xxxx,True,False
,,,,PUNCT,,,punct,,,False,False
valves,valve,NOUN,NNS,conj,xxxx,True,False
,,,,PUNCT,,,punct,,,False,False
half,half,NOUN,NN,conj,xxxx,True,False
,,,,PUNCT,,,punct,,,False,False
but,but,CCONJ,CC,cc,xxx,True,False
Ralf,ralf,PROPN,NNP,conj,Xxxx,True,False
!,!,PUNCT,.,punct,!,False,False

,
,SPACE,,,
,False,False
Heron,heron,PROPN,NNP,nsubj,Xxxxx,True,False
;,;,PUNCT,:,punct,;,False,False
granary,granary,NOUN,NN,conj,xxxx,True,False
,,,,PUNCT,,,punct,,,False,False
canary,canary,NOUN,NN,conj,xxxx,True,False
;,;,PUNCT,:,punct,;,False,False

,
,SPACE,,,
,False,False
Crevice,crevice,PROPN,NNP,conj,Xxxxx,True,False
,,,,PUNCT,,,punct,,,False,False
and,and,CCONJ,CC,cc,xxx,True,False
device,device,NOUN,NN,conj,xxxx,True,False
,,,,PUNCT,,,punct,,,False,False
and,and,CCONJ,CC,cc,xxx,True,False
eyrie,eyrie,NOUN,NN,conj,xxxx,True,False
;,;,PUNCT,:,punct,;,False,False

,
,SPACE,,,
,False,False
⁠Face,⁠face,NOUN,NN,conj,⁠Xxxx,False,False
but,but,CCONJ,CC,cc,xxx,True,False
preface,preface,NOUN,NN,conj,xxxx,True,False
,,,,PUNCT,,,punct,,,False,False
but,but,CCONJ,CC,cc,xxx,True,False
efface,efface,VERB,VB,conj,xxxx,True,False
,,,,PUNCT,,,punct,,,False,False

,
,SPACE,,,
,False,False
⁠Phlegm,⁠phlegm,ADV,RB,conj,⁠Xxxxx,False,False
,,,,PUNCT,,,punct,,,False,False
phlegmatic,phlegmatic,ADJ,JJ,advmod,xxxx,True,False
;,;,PUNCT,:,punct,;,False,False
ass,ass,NOUN,NN,conj,xxx,True,False
,,,,PUNCT,,,punct,,,False,False
glass,glass,NOUN,NN,conj,xxxx,True,False
,,,,PUNCT,,,punct,,,False,False
bass,bass,NOUN,NN,conj,xxxx,True,False
;,;,PUNCT,:,punct,;,False,False

,
,SPACE,,,
,False,False
Large,large,ADJ,JJ,conj,Xxxxx,True,False
,,,,PUNCT,,,punct,,,False,False
but,but,CCONJ,CC,cc,xxx,True,False
target,target,NOUN,NN,conj,xxxx,True,False
,,,,PUNCT,,,punct,,,False,False
gin,gin,NOUN,NN,appos,xxx,True,False
,,,,PUNCT,,,punct,,,False,False
give,give,VERB,VBP,ROOT,xxxx,True,False
,,,,PUNCT,,,punct,,,False,False
verging,verging,ADJ,JJ,advcl,xxxx,True,False
;,;,PUNCT,:,punct,;,False,False

,
,SPACE,,,
,False,False
Ought,ought,VERB,MD,conj,Xxxxx,True,False
,,,,PUNCT,,,punct,,,False,False
out,out,ADV,RB,advmod,xxx,True,False
,,,,PUNCT,,,punct,,,False,False
joust,joust,VERB,VB,conj,xxxx,True,False
and,and,CCONJ,CC,cc,xxx,True,False
scour,scour,VERB,VB,conj,xxxx,True,False
,,,,PUNCT,,,punct,,,False,False
but,but,CCONJ,CC,cc,xxx,True,False
scourging,scourging,NOUN,NN,conj,xxxx,True,False
;,;,PUNCT,:,punct,;,False,False

,
,SPACE,,,
,False,False
⁠Ear,⁠ear,PROPN,NNP,conj,⁠Xxx,False,False
,,,,PUNCT,,,punct,,,False,False
but,but,CCONJ,CC,cc,xxx,True,False
earn,earn,VERB,VB,conj,xxxx,True,False
;,;,PUNCT,:,punct,;,False,False
and,and,CCONJ,CC,cc,xxx,True,False
wear,wear,VERB,VB,conj,xxxx,True,False
and,and,CCONJ,CC,cc,xxx,True,False
tear,tear,NOUN,NN,conj,xxxx,True,False

,
,SPACE,,,
,False,False
⁠Do,⁠do,PROPN,NNP,appos,⁠Xx,False,False
not,not,ADV,RB,neg,xxx,True,False
rime,rime,NOUN,NN,dobj,xxxx,True,False
with,with,ADP,IN,prep,xxxx,True,False
",",PUNCT,``,punct,",False,False
here,here,ADV,RB,pcomp,xxxx,True,False
",",PUNCT,'',punct,",False,False
,,,,PUNCT,,,punct,,,False,False
but,but,CCONJ,CC,cc,xxx,True,False
",",PUNCT,``,punct,",False,False
ere,ere,VERB,VBD,conj,xxx,True,False
",",PUNCT,'',punct,",False,False
.,.,PUNCT,.,punct,.,False,False

,
,SPACE,,,
,False,False
Seven,seven,PROPN,NNP,nsubj,Xxxxx,True,False
is,be,VERB,VBZ,ROOT,xx,True,False
right,right,ADJ,JJ,acomp,xxxx,True,False
,,,,PUNCT,,,punct,,,False,False
but,but,CCONJ,CC,cc,xxx,True,False
so,so,ADV,RB,advmod,xx,True,False
is,be,VERB,VBZ,conj,xx,True,False
even,even,ADV,RB,advmod,xxxx,True,False
;,;,PUNCT,:,punct,;,False,False

,
,SPACE,,,
,False,False
Hyphen,hyphen,PROPN,NNP,nsubj,Xxxxx,True,False
,,,,PUNCT,,,punct,,,False,False
roughen,roughen,VERB,VB,advmod,xxxx,True,False
,,,,PUNCT,,,punct,,,False,False
nephew,nephew,NOUN,NN,conj,xxxx,True,False
,,,,PUNCT,,,punct,,,False,False
Stephen,stephen,PROPN,NNP,appos,Xxxxx,True,False
;,;,PUNCT,:,punct,;,False,False

,
,SPACE,,,
,False,False
⁠Monkey,⁠monkey,PROPN,NNP,appos,⁠Xxxxx,False,False
,,,,PUNCT,,,punct,,,False,False
donkey,donkey,NOUN,NN,conj,xxxx,True,False
;,;,PUNCT,,,punct,;,False,False
clerk,clerk,NOUN,NN,conj,xxxx,True,False
and,and,CCONJ,CC,cc,xxx,True,False
jerk,jerk,NOUN,NN,conj,xxxx,True,False
;,;,PUNCT,:,punct,;,False,False

,
,SPACE,,,
,False,False
⁠Asp,⁠asp,PROPN,NNP,conj,⁠Xxx,False,False
,,,,PUNCT,,,punct,,,False,False
grasp,grasp,NOUN,NN,conj,xxxx,True,False
,,,,PUNCT,,,punct,,,False,False
wasp,wasp,NOUN,NN,conj,xxxx,True,False
;,;,PUNCT,:,punct,;,False,False
and,and,CCONJ,CC,cc,xxx,True,False
cork,cork,NOUN,NN,conj,xxxx,True,False
and,and,CCONJ,CC,cc,xxx,True,False
work,work,NOUN,NN,conj,xxxx,True,False
.,.,PUNCT,.,punct,.,False,False

,
,SPACE,,,
,False,False
Pronunciation,pronunciation,PROPN,NNP,ROOT,Xxxxx,True,False
—,—,PUNCT,,,ROOT,—,False,False
think,think,VERB,VB,nsubj,xxxx,True,False
of,of,ADP,IN,prep,xx,True,False
psyche!—,psyche!—,NOUN,NNS,pobj,xxxx!—,False,False

,
,SPACE,,,
,False,False
Is,be,VERB,VBZ,ROOT,Xx,True,False
a,a,DET,DT,det,x,True,False
paling,paling,NOUN,NN,attr,xxxx,True,False
,,,,PUNCT,,,punct,,,False,False
stout,stout,ADJ,JJ,conj,xxxx,True,False
and,and,CCONJ,CC,cc,xxx,True,False
spikey,spikey,ADJ,JJ,conj,xxxx,True,False
;,;,PUNCT,:,punct,;,False,False

,
,SPACE,,,
,False,False
⁠Won't,⁠won't,ADV,RB,cc,⁠Xxx'x,False,False
it,-PRON-,PRON,PRP,nsubj,xx,True,False
make,make,VERB,VB,ROOT,xxxx,True,False
you,-PRON-,PRON,PRP,nsubj,xxx,True,False
lose,lose,VERB,VB,ccomp,xxxx,True,False
your,-PRON-,ADJ,PRP$,poss,xxxx,True,False
wits,wit,NOUN,NNS,dobj,xxxx,True,False
,,,,PUNCT,,,punct,,,False,False

,
,SPACE,,,
,False,False
⁠Writing,⁠writ,VERB,VBG,advcl,⁠Xxxxx,False,False
",",PUNCT,``,punct,",False,False
groats,groat,NOUN,NNS,dobj,xxxx,True,False
",",PUNCT,'',punct,",False,False
and,and,CCONJ,CC,cc,xxx,True,False
saying,say,VERB,VBG,conj,xxxx,True,False
groats,groat,NOUN,NNS,dobj,xxxx,True,False
?,?,PUNCT,.,punct,?,False,False

,
,SPACE,,,
,False,False
It,-PRON-,PRON,PRP,nsubj,Xx,True,False
's,be,VERB,VBZ,ROOT,'x,False,False
a,a,DET,DT,det,x,True,False
dark,dark,ADJ,JJ,amod,xxxx,True,False
abyss,abyss,NOUN,NN,attr,xxxx,True,False
or,or,CCONJ,CC,cc,xx,True,False
tunnel,tunnel,NOUN,NN,conj,xxxx,True,False
,,,,PUNCT,,,punct,,,False,False

,
,SPACE,,,
,False,False
Strewn,strewn,PROPN,NNP,advcl,Xxxxx,True,False
with,with,ADP,IN,prep,xxxx,True,False
stones,stone,NOUN,NNS,pobj,xxxx,True,False
,,,,PUNCT,,,punct,,,False,False
like,like,ADP,IN,prep,xxxx,True,False
rowlock,rowlock,NOUN,NN,pobj,xxxx,True,False
,,,,PUNCT,,,punct,,,False,False
gunwale,gunwale,NOUN,NN,conj,xxxx,True,False
,,,,PUNCT,,,punct,,,False,False

,
,SPACE,,,
,False,False
⁠Islington,⁠islington,PROPN,NNP,conj,⁠Xxxxx,False,False
and,and,CCONJ,CC,cc,xxx,True,False
Isle,isle,PROPN,NNP,conj,Xxxx,True,False
of,of,ADP,IN,prep,xx,True,False
Wight,wight,PROPN,NNP,pobj,Xxxxx,True,False
,,,,PUNCT,,,punct,,,False,False

,
,SPACE,,,
,False,False
⁠Housewife,⁠housewife,PROPN,NNP,appos,⁠Xxxxx,False,False
,,,,PUNCT,,,punct,,,False,False
verdict,verdict,NOUN,NN,conj,xxxx,True,False
and,and,CCONJ,CC,cc,xxx,True,False
indict,indict,VERB,VB,conj,xxxx,True,False
!,!,PUNCT,.,punct,!,False,False

,
,SPACE,,,
,False,False
Do,do,VERB,VB,aux,Xx,True,False
n't,not,ADV,RB,neg,x'x,False,False
you,-PRON-,PRON,PRP,nsubj,xxx,True,False
think,think,VERB,VB,ROOT,xxxx,True,False
so,so,ADV,RB,advmod,xx,True,False
,,,,PUNCT,,,punct,,,False,False
reader,reader,NOUN,NN,conj,xxxx,True,False
,,,,PUNCT,,,punct,,,False,False
rather,rather,ADV,RB,advmod,xxxx,True,False
,,,,PUNCT,,,punct,,,False,False

,
,SPACE,,,
,False,False
Saying,saying,NOUN,NN,xcomp,Xxxxx,True,False
lather,lather,NOUN,NN,dobj,xxxx,True,False
,,,,PUNCT,,,punct,,,False,False
bather,bather,NOUN,NN,conj,xxxx,True,False
,,,,PUNCT,,,punct,,,False,False
father,father,NOUN,NN,conj,xxxx,True,False
?,?,PUNCT,.,punct,?,False,False

,
,SPACE,,,
,False,False
⁠Finally,⁠finally,ADV,RB,advmod,⁠Xxxxx,False,False
:,:,PUNCT,:,punct,:,False,False
which,which,ADJ,WDT,nsubj,xxxx,True,False
rimes,rim,VERB,VBZ,ROOT,xxxx,True,False
with,with,ADP,IN,prep,xxxx,True,False
",",PUNCT,``,punct,",False,False
enough,enough,ADV,RB,pobj,xxxx,True,False
,,,,PUNCT,,,punct,,,False,False
",",PUNCT,'',punct,",False,False

,
,SPACE,,,
,False,False
⁠Though,⁠though,PROPN,NNP,dobj,⁠Xxxxx,False,False
,,,,PUNCT,,,punct,,,False,False
through,through,ADP,IN,advmod,xxxx,True,False
,,,,PUNCT,,,punct,,,False,False
plough,plough,NOUN,NN,pobj,xxxx,True,False
,,,,PUNCT,,,punct,,,False,False
cough,cough,NOUN,NN,conj,xxxx,True,False
,,,,PUNCT,,,punct,,,False,False
hough,hough,NOUN,NN,conj,xxxx,True,False
,,,,PUNCT,,,punct,,,False,False
or,or,CCONJ,CC,cc,xx,True,False
tough,tough,ADJ,JJ,conj,xxxx,True,False
?,?,PUNCT,.,punct,?,False,False

,
,SPACE,,,
,False,False
Hiccough,hiccough,PROPN,NNP,nsubj,Xxxxx,True,False
has,have,VERB,VBZ,ROOT,xxx,True,False
the,the,DET,DT,det,xxx,True,False
sound,sound,NOUN,NN,dobj,xxxx,True,False
of,of,ADP,IN,prep,xx,True,False
",",PUNCT,``,punct,",False,False
cup,cup,NOUN,NN,pobj,xxx,True,False
",",PUNCT,'',punct,",False,False
......,......,PUNCT,NFP,punct,....,False,False

,
,SPACE,,,
,False,False
My,-PRON-,ADJ,PRP$,poss,Xx,True,False
advice,advice,NOUN,NN,nsubj,xxxx,True,False
is,be,VERB,VBZ,ROOT,xx,True,False
—,—,PART,TO,punct,—,False,False
give,give,VERB,VB,xcomp,xxxx,True,False
it,-PRON-,PRON,PRP,dobj,xx,True,False
up,up,PART,RP,prt,xx,True,False
!,!,PUNCT,.,punct,!,False,False

,
,SPACE,,,
,False,False
